{
	"info": {
		"_postman_id": "72a00aa9-7bd0-4253-9614-f1aa012aec94",
		"name": "CSC309 Project",
		"schema": "https://schema.getpostman.com/json/collection/v2.1.0/collection.json",
		"_exporter_id": "25447676",
		"_collection_link": "https://csc309-project-team.postman.co/workspace/Team-Workspace~87ffdcb7-1323-4197-8123-c7b0082d0a62/collection/39519363-72a00aa9-7bd0-4253-9614-f1aa012aec94?action=share&source=collection_link&creator=25447676"
	},
	"item": [
		{
			"name": "templates",
			"item": [
				{
					"name": "Create template",
					"request": {
						"auth": {
							"type": "bearer",
							"bearer": [
								{
									"key": "token",
									"value": "eyJhbGciOiJIUzI1NiIsInR5cCI6IkpXVCJ9.eyJ1c2VySWQiOjUsImVtYWlsIjoiajI0NiIsInJvbGUiOiJBRE1JTiIsImlhdCI6MTczMDk0MDU5NSwiZXhwIjoxNzMwOTQ0MTk1fQ.xUGJL28TB-rOg0MJV42swR_S8LCzfvsVryGg6UoKRr8",
									"type": "string"
								}
							]
						},
						"method": "POST",
						"header": [],
						"body": {
							"mode": "raw",
							"raw": "{\n    \"title\": \"here\",\n    \"explanation\": \"hello\",\n    \"tags\": [\"code\", \"template\"],\n    \"code\": \"yes\",\n    \"isForked\": false\n    }",
							"options": {
								"raw": {
									"language": "json"
								}
							}
						},
						"url": {
							"raw": "http://localhost:3000/api/templates",
							"protocol": "http",
							"host": [
								"localhost"
							],
							"port": "3000",
							"path": [
								"api",
								"templates"
							]
						}
					},
					"response": []
				},
				{
					"name": "Search templates",
					"protocolProfileBehavior": {
						"disableBodyPruning": true
					},
					"request": {
						"auth": {
							"type": "bearer",
							"bearer": [
								{
									"key": "token",
									"value": "eyJhbGciOiJIUzI1NiIsInR5cCI6IkpXVCJ9.eyJ1c2VySWQiOjUsImVtYWlsIjoiajI0NiIsInJvbGUiOiJBRE1JTiIsImlhdCI6MTczMDk0MDU5NSwiZXhwIjoxNzMwOTQ0MTk1fQ.xUGJL28TB-rOg0MJV42swR_S8LCzfvsVryGg6UoKRr8",
									"type": "string"
								}
							]
						},
						"method": "GET",
						"header": [],
						"body": {
							"mode": "raw",
							"raw": "",
							"options": {
								"raw": {
									"language": "json"
								}
							}
						},
						"url": {
							"raw": "http://localhost:3000/api/templates?title=my",
							"protocol": "http",
							"host": [
								"localhost"
							],
							"port": "3000",
							"path": [
								"api",
								"templates"
							],
							"query": [
								{
									"key": "title",
									"value": "my"
								}
							]
						}
					},
					"response": []
				},
				{
					"name": "Update template",
					"request": {
						"auth": {
							"type": "bearer",
							"bearer": [
								{
									"key": "token",
									"value": "eyJhbGciOiJIUzI1NiIsInR5cCI6IkpXVCJ9.eyJ1c2VySWQiOjQsImVtYWlsIjoiaiIsInJvbGUiOiJBRE1JTiIsImlhdCI6MTczMDkzODc3NSwiZXhwIjoxNzMwOTQyMzc1fQ.M68Na6O6B9PyzJep09ydn8E7n05Y0sGBSBPtCYgTJrk",
									"type": "string"
								}
							]
						},
						"method": "PUT",
						"header": [],
						"body": {
							"mode": "raw",
							"raw": "{\n    \"title\": \"new name\",\n    \"code\": \"y+y=2\"\n    }",
							"options": {
								"raw": {
									"language": "json"
								}
							}
						},
						"url": {
							"raw": "http://localhost:3000/api/templates/4",
							"protocol": "http",
							"host": [
								"localhost"
							],
							"port": "3000",
							"path": [
								"api",
								"templates",
								"4"
							]
						}
					},
					"response": []
				},
				{
					"name": "Delete template",
					"request": {
						"method": "DELETE",
						"header": [],
						"body": {
							"mode": "raw",
							"raw": "{\n    \"title\": \"my template\",\n    \"explanation\": \"this is my template\",\n    \"tags\": [\"code\", \"template\"],\n    \"code\": \"x=1+1\"\n    }",
							"options": {
								"raw": {
									"language": "json"
								}
							}
						},
						"url": {
							"raw": "http://localhost:3000/api/templates/1",
							"protocol": "http",
							"host": [
								"localhost"
							],
							"port": "3000",
							"path": [
								"api",
								"templates",
								"1"
							]
						}
					},
					"response": []
				},
				{
					"name": "Get specific template",
					"request": {
						"method": "GET",
						"header": [],
						"url": {
							"raw": "http://localhost:3000/api/templates/1",
							"protocol": "http",
							"host": [
								"localhost"
							],
							"port": "3000",
							"path": [
								"api",
								"templates",
								"1"
							]
						}
					},
					"response": []
				}
			]
		},
		{
			"name": "user",
			"item": [
				{
					"name": "User login",
					"request": {
						"auth": {
							"type": "bearer"
						},
						"method": "POST",
						"header": [],
						"body": {
							"mode": "raw",
							"raw": "{\n    \"email\": \"j\",\n    \"password\": \"abc123\"\n    }",
							"options": {
								"raw": {
									"language": "json"
								}
							}
						},
						"url": {
							"raw": "http://localhost:3000/api/user/login",
							"protocol": "http",
							"host": [
								"localhost"
							],
							"port": "3000",
							"path": [
								"api",
								"user",
								"login"
							]
						}
					},
					"response": []
				},
				{
					"name": "User signup",
					"request": {
						"method": "POST",
						"header": [],
						"body": {
							"mode": "raw",
							"raw": "{\n    \"firstName\": \"John\",\n    \"lastName\": \"Doe\",\n    \"password\": \"abc123\",\n    \"phoneNumber\": \"123-456-789\",\n    \"email\": \"j\",\n    \"avatar\": \"@public/avatars/avatar1\",\n    \"role\": \"ADMIN\"\n}",
							"options": {
								"raw": {
									"language": "json"
								}
							}
						},
						"url": {
							"raw": "http://localhost:3000/api/user/signup",
							"protocol": "http",
							"host": [
								"localhost"
							],
							"port": "3000",
							"path": [
								"api",
								"user",
								"signup"
							]
						}
					},
					"response": []
				},
				{
					"name": "User reports",
					"request": {
						"method": "POST",
						"header": [],
						"body": {
							"mode": "raw",
							"raw": "{\n    \"explanation\": \"This is inappropriate.\",\n    \"role\": \"USER\",\n    \"postId\": \"3\",\n    \"commentId\": \"1\"\n}",
							"options": {
								"raw": {
									"language": "json"
								}
							}
						},
						"url": {
							"raw": "http://localhost:3000/api/user/report",
							"protocol": "http",
							"host": [
								"localhost"
							],
							"port": "3000",
							"path": [
								"api",
								"user",
								"report"
							]
						}
					},
					"response": []
				},
				{
					"name": "User edits profile",
					"request": {
						"auth": {
							"type": "bearer",
							"bearer": [
								{
									"key": "token",
									"value": "eyJhbGciOiJIUzI1NiIsInR5cCI6IkpXVCJ9.eyJ1c2VySWQiOjQsImVtYWlsIjoiaiIsImlhdCI6MTczMDkzMjU1MCwiZXhwIjoxNzMwOTM2MTUwfQ.Y2MwJbrLtMVpVmZab_PmxZxt6_PqWq1JJv9-bVUH5HQ",
									"type": "string"
								}
							]
						},
						"method": "PATCH",
						"header": [
							{
								"key": "authorization",
								"value": "\"Bearer \"eyJhbGciOiJIUzI1NiIsInR5cCI6IkpXVCJ9.eyJ1c2VySWQiOjIsImVtYWlsIjoiam9obmRvZUBnbWFpbC5jb20iLCJpYXQiOjE3MzA5MzE5MjIsImV4cCI6MTczMDkzNTUyMn0.eRAJSsDCb4Uf3kMzRFgkOJsB334qQBImwKYUwj1o3X4\"\"",
								"type": "text",
								"disabled": true
							}
						],
						"body": {
							"mode": "raw",
							"raw": "{\n    \"firstName\" : \"Alice\",\n    \"role\": \"USER\"\n}",
							"options": {
								"raw": {
									"language": "json"
								}
							}
						},
						"url": {
							"raw": "http://localhost:3000/api/user/profile/{id}",
							"protocol": "http",
							"host": [
								"localhost"
							],
							"port": "3000",
							"path": [
								"api",
								"user",
								"profile",
								"{id}"
							]
						}
					},
					"response": []
				}
			]
		},
		{
			"name": "code-exec",
			"item": [
				{
					"name": "code-exec",
					"request": {
						"method": "POST",
						"header": [],
						"body": {
							"mode": "raw",
							"raw": "{\n    \"code\": \"var x = process.argv[2]; console.log(x + 42)\",\n    \"lang\": \"JavaScript\",\n    \"stdin\": \"42\"\n}",
							"options": {
								"raw": {
									"language": "json"
								}
							}
						},
						"url": {
							"raw": "http://localhost:3000/api/code-exec/execute",
							"protocol": "http",
							"host": [
								"localhost"
							],
							"port": "3000",
							"path": [
								"api",
								"code-exec",
								"execute"
							]
						}
					},
					"response": []
				}
			]
		},
		{
			"name": "admin",
			"item": [
				{
					"name": "comments",
					"item": [
						{
							"name": "Sort comments",
							"protocolProfileBehavior": {
								"disableBodyPruning": true
							},
							"request": {
								"auth": {
									"type": "bearer",
									"bearer": [
										{
											"key": "token",
											"value": "eyJhbGciOiJIUzI1NiIsInR5cCI6IkpXVCJ9.eyJ1c2VySWQiOjUsImVtYWlsIjoiajI0NiIsInJvbGUiOiJBRE1JTiIsImlhdCI6MTczMDk0MjA0NSwiZXhwIjoxNzMwOTQ1NjQ1fQ.jkIkRDb9yYBk2iwFT0YGgFeQol9i-KVcLpU9-wZXILg",
											"type": "string"
										}
									]
								},
								"method": "GET",
								"header": [
									{
										"key": "authorization",
										"value": "",
										"type": "text"
									}
								],
								"body": {
									"mode": "raw",
									"raw": "",
									"options": {
										"raw": {
											"language": "json"
										}
									}
								},
								"url": {
									"raw": "http://localhost:3000/api/admin/comments/comments",
									"protocol": "http",
									"host": [
										"localhost"
									],
									"port": "3000",
									"path": [
										"api",
										"admin",
										"comments",
										"comments"
									]
								}
							},
							"response": []
						},
						{
							"name": "Update comment visibility",
							"request": {
								"auth": {
									"type": "bearer",
									"bearer": [
										{
											"key": "token",
											"value": "eyJhbGciOiJIUzI1NiIsInR5cCI6IkpXVCJ9.eyJ1c2VySWQiOjUsImVtYWlsIjoiajI0NiIsInJvbGUiOiJBRE1JTiIsImlhdCI6MTczMDk0MjA0NSwiZXhwIjoxNzMwOTQ1NjQ1fQ.jkIkRDb9yYBk2iwFT0YGgFeQol9i-KVcLpU9-wZXILg",
											"type": "string"
										}
									]
								},
								"method": "PUT",
								"header": [],
								"body": {
									"mode": "raw",
									"raw": "{\n    \"commentId\": 10,\n    \"isHidden\": true\n}",
									"options": {
										"raw": {
											"language": "json"
										}
									}
								},
								"url": {
									"raw": "http://localhost:3000/api/admin/comments/comments",
									"protocol": "http",
									"host": [
										"localhost"
									],
									"port": "3000",
									"path": [
										"api",
										"admin",
										"comments",
										"comments"
									]
								}
							},
							"response": []
						}
					]
				},
				{
					"name": "posts",
					"item": [
						{
							"name": "Sort posts",
							"request": {
								"method": "GET",
								"header": []
							},
							"response": []
						},
						{
							"name": "Update post visibility",
							"request": {
								"method": "PUT",
								"header": [],
								"body": {
									"mode": "raw",
									"raw": "{\n    \"postId\": 1,\n    \"isHidden\": true\n}",
									"options": {
										"raw": {
											"language": "json"
										}
									}
								},
								"url": {
									"raw": "http://localhost:3000/api/admin/posts/posts",
									"protocol": "http",
									"host": [
										"localhost"
									],
									"port": "3000",
									"path": [
										"api",
										"admin",
										"posts",
										"posts"
									]
								}
							},
							"response": []
						}
					]
				}
			]
		},
		{
			"name": "Blog",
			"item": [
				{
					"name": "Blog Post",
					"request": {
						"method": "POST",
						"header": [],
						"body": {
							"mode": "raw",
							"raw": "{\"title\": \"TITLE\",\r\n\"description\": \" This is a blog post\",\r\n\"tagName\": \"test\",\r\n\"userId\": 1}",
							"options": {
								"raw": {
									"language": "json"
								}
							}
						},
						"url": {
							"raw": "http://localhost:3000/api/blog/",
							"protocol": "http",
							"host": [
								"localhost"
							],
							"port": "3000",
							"path": [
								"api",
								"blog",
								""
							]
						}
					},
					"response": []
				},
				{
					"name": "Blog Search",
					"protocolProfileBehavior": {
						"disableBodyPruning": true
					},
					"request": {
						"method": "GET",
						"header": [],
						"body": {
							"mode": "raw",
							"raw": "{\"search\":\"title\"}",
							"options": {
								"raw": {
									"language": "json"
								}
							}
						},
						"url": {
							"raw": "http://localhost:3000/api/blog/",
							"protocol": "http",
							"host": [
								"localhost"
							],
							"port": "3000",
							"path": [
								"api",
								"blog",
								""
							]
						}
					},
					"response": []
				},
				{
					"name": "Blog Get",
					"protocolProfileBehavior": {
						"disableBodyPruning": true
					},
					"request": {
						"method": "GET",
						"header": [],
						"body": {
							"mode": "raw",
							"raw": "",
							"options": {
								"raw": {
									"language": "json"
								}
							}
						},
						"url": {
							"raw": "http://localhost:3000/api/blog/1",
							"protocol": "http",
							"host": [
								"localhost"
							],
							"port": "3000",
							"path": [
								"api",
								"blog",
								"1"
							]
						}
					},
					"response": []
				},
				{
					"name": "Blog Rate",
					"request": {
						"method": "POST",
						"header": [],
						"body": {
							"mode": "raw",
							"raw": "{\"action\":\"upvote\"}",
							"options": {
								"raw": {
									"language": "json"
								}
							}
						},
						"url": {
							"raw": "http://localhost:3000/api/blog/1",
							"protocol": "http",
							"host": [
								"localhost"
							],
							"port": "3000",
							"path": [
								"api",
								"blog",
								"1"
							]
						}
					},
					"response": []
				},
				{
					"name": "Delete Blog",
					"request": {
						"method": "DELETE",
						"header": [],
						"body": {
							"mode": "raw",
							"raw": "",
							"options": {
								"raw": {
									"language": "json"
								}
							}
						},
						"url": {
							"raw": "http://localhost:3000/api/blog/1",
							"protocol": "http",
							"host": [
								"localhost"
							],
							"port": "3000",
							"path": [
								"api",
								"blog",
								"1"
							]
						}
					},
					"response": []
				}
			]
		},
		{
			"name": "Comment",
			"item": [
				{
					"name": "Get Comments",
					"protocolProfileBehavior": {
						"disableBodyPruning": true
					},
					"request": {
						"method": "GET",
						"header": [],
						"body": {
							"mode": "raw",
							"raw": "{\"postId\": 5}",
							"options": {
								"raw": {
									"language": "json"
								}
							}
						},
						"url": {
							"raw": "http://localhost:3000/api/comment/",
							"protocol": "http",
							"host": [
								"localhost"
							],
							"port": "3000",
							"path": [
								"api",
								"comment",
								""
							]
						}
					},
					"response": []
				},
				{
					"name": "comment on comment",
					"request": {
						"method": "POST",
						"header": [],
						"body": {
							"mode": "raw",
							"raw": "{\"action\": \"upvote\",\r\n\"content\": \"agreed\",\r\n\"userId\":5}",
							"options": {
								"raw": {
									"language": "json"
								}
							}
						},
						"url": {
							"raw": "http://localhost:3000/api/comment/3",
							"protocol": "http",
							"host": [
								"localhost"
							],
							"port": "3000",
							"path": [
								"api",
								"comment",
								"3"
							]
						}
					},
					"response": []
				},
				{
					"name": "Get the comment with id",
					"request": {
						"method": "POST",
						"header": [],
						"body": {
							"mode": "raw",
							"raw": "{\"action\": \"upvote\",\r\n\"content\": \"wow\",\r\n\"userId\": 3}",
							"options": {
								"raw": {
									"language": "json"
								}
							}
						},
						"url": {
							"raw": "http://localhost:3000/api/comment/4",
							"protocol": "http",
							"host": [
								"localhost"
							],
							"port": "3000",
							"path": [
								"api",
								"comment",
								"4"
							]
						}
					},
					"response": []
				},
				{
					"name": "Delete comment",
					"request": {
						"method": "DELETE",
						"header": [],
						"url": {
							"raw": "http://localhost:3000/api/comment/3",
							"protocol": "http",
							"host": [
								"localhost"
							],
							"port": "3000",
							"path": [
								"api",
								"comment",
								"3"
							]
						}
					},
					"response": []
				},
				{
					"name": "Post comment",
					"request": {
						"method": "POST",
						"header": [],
						"body": {
							"mode": "raw",
							"raw": "{\"content\":\"nice!\",\r\n\"postId\":5,\r\n\"userId\": 1}",
							"options": {
								"raw": {
									"language": "json"
								}
							}
						},
						"url": {
							"raw": "http://localhost:3000/api/comment/",
							"protocol": "http",
							"host": [
								"localhost"
							],
							"port": "3000",
							"path": [
								"api",
								"comment",
								""
							]
						}
					},
					"response": []
				}
			]
		}
	]
}